{
    "name": "root",
    "metadata": {
        "timer_format_version": "0.1.0",
        "start_time_seconds": "1688655582",
        "python_version": "3.7.9 (tags/v3.7.9:13c94747c7, Aug 17 2020, 16:30:00) [MSC v.1900 64 bit (AMD64)]",
        "command_line_arguments": "C:\\Users\\alban\\OneDrive\\Documents\\Work\\M2\\PA\\PrisonEvasion\\venv\\Scripts\\mlagents-learn --force --run-id=DoubleExitTestOpen1",
        "mlagents_version": "0.29.0",
        "mlagents_envs_version": "0.29.0",
        "communication_protocol_version": "1.5.0",
        "pytorch_version": "1.7.0+cu110",
        "numpy_version": "1.21.2",
        "end_time_seconds": "1688655789"
    },
    "total": 206.1017605,
    "count": 1,
    "self": 0.02295300000000111,
    "children": {
        "run_training.setup": {
            "total": 0.6320970999999993,
            "count": 1,
            "self": 0.6320970999999993
        },
        "TrainerController.start_learning": {
            "total": 205.4467104,
            "count": 1,
            "self": 0.11618239999930324,
            "children": {
                "TrainerController._reset_env": {
                    "total": 39.251359,
                    "count": 1,
                    "self": 39.251359
                },
                "TrainerController.advance": {
                    "total": 165.5755072000007,
                    "count": 1909,
                    "self": 0.1147606000006931,
                    "children": {
                        "env_step": {
                            "total": 164.32185079999988,
                            "count": 1909,
                            "self": 149.73000400000004,
                            "children": {
                                "SubprocessEnvManager._take_step": {
                                    "total": 14.52009190000009,
                                    "count": 1909,
                                    "self": 0.38663489999975553,
                                    "children": {
                                        "TorchPolicy.evaluate": {
                                            "total": 14.133457000000334,
                                            "count": 1894,
                                            "self": 3.32992360000069,
                                            "children": {
                                                "TorchPolicy.sample_actions": {
                                                    "total": 10.803533399999644,
                                                    "count": 1894,
                                                    "self": 10.803533399999644
                                                }
                                            }
                                        }
                                    }
                                },
                                "workers": {
                                    "total": 0.07175489999976037,
                                    "count": 1908,
                                    "self": 0.0,
                                    "children": {
                                        "worker_root": {
                                            "total": 108.18165750000031,
                                            "count": 1908,
                                            "is_parallel": true,
                                            "self": 30.417326000000344,
                                            "children": {
                                                "steps_from_proto": {
                                                    "total": 0.006941300000001149,
                                                    "count": 1,
                                                    "is_parallel": true,
                                                    "self": 0.0005553000000055874,
                                                    "children": {
                                                        "_process_rank_one_or_two_observation": {
                                                            "total": 0.006385999999995562,
                                                            "count": 2,
                                                            "is_parallel": true,
                                                            "self": 0.006385999999995562
                                                        }
                                                    }
                                                },
                                                "UnityEnvironment.step": {
                                                    "total": 77.75739019999996,
                                                    "count": 1908,
                                                    "is_parallel": true,
                                                    "self": 0.4606362000007067,
                                                    "children": {
                                                        "UnityEnvironment._generate_step_input": {
                                                            "total": 0.48125019999933727,
                                                            "count": 1908,
                                                            "is_parallel": true,
                                                            "self": 0.48125019999933727
                                                        },
                                                        "communicator.exchange": {
                                                            "total": 75.65508249999985,
                                                            "count": 1908,
                                                            "is_parallel": true,
                                                            "self": 75.65508249999985
                                                        },
                                                        "steps_from_proto": {
                                                            "total": 1.1604213000000598,
                                                            "count": 1908,
                                                            "is_parallel": true,
                                                            "self": 0.6283922000004267,
                                                            "children": {
                                                                "_process_rank_one_or_two_observation": {
                                                                    "total": 0.5320290999996331,
                                                                    "count": 3816,
                                                                    "is_parallel": true,
                                                                    "self": 0.5320290999996331
                                                                }
                                                            }
                                                        }
                                                    }
                                                }
                                            }
                                        }
                                    }
                                }
                            }
                        },
                        "trainer_advance": {
                            "total": 1.1388958000001068,
                            "count": 1908,
                            "self": 0.1304401999998035,
                            "children": {
                                "process_trajectory": {
                                    "total": 1.0084556000003033,
                                    "count": 1908,
                                    "self": 1.0084556000003033
                                }
                            }
                        }
                    }
                },